"Notes"	"Year"	"Year Code"	"State"	"State Code"	Deaths	Population	Crude Rate	Age Adjusted Rate
	"2017"	"2017"	"West Virginia"	"54"	974	1815857	53.6	57.8
	"2016"	"2016"	"West Virginia"	"54"	884	1831102	48.3	52.0
	"2017"	"2017"	"Ohio"	"39"	5111	11658609	43.8	46.3
	"2017"	"2017"	"Pennsylvania"	"42"	5388	12805537	42.1	44.3
	"2017"	"2017"	"District of Columbia"	"11"	310	693972	44.7	44.0
	"2015"	"2015"	"West Virginia"	"54"	725	1844128	39.3	41.5
	"2016"	"2016"	"Ohio"	"39"	4329	11614373	37.3	39.1
	"2016"	"2016"	"New Hampshire"	"33"	481	1334795	36.0	39.0
	"2016"	"2016"	"District of Columbia"	"11"	269	681170	39.5	38.8
	"2016"	"2016"	"Pennsylvania"	"42"	4627	12784227	36.2	37.9
	"2017"	"2017"	"Kentucky"	"21"	1566	4454189	35.2	37.2
	"2017"	"2017"	"Delaware"	"10"	338	961939	35.1	37.0
	"2017"	"2017"	"New Hampshire"	"33"	467	1342795	34.8	37.0
	"2011"	"2011"	"West Virginia"	"54"	635	1855364	34.2	36.3
	"2017"	"2017"	"Maryland"	"24"	2247	6052177	37.1	36.3
	"2014"	"2014"	"West Virginia"	"54"	627	1850326	33.9	35.5
	"2017"	"2017"	"Maine"	"23"	424	1335907	31.7	34.4
	"2015"	"2015"	"New Hampshire"	"33"	422	1330608	31.7	34.3
	"2016"	"2016"	"Kentucky"	"21"	1419	4436974	32.0	33.5
	"2016"	"2016"	"Maryland"	"24"	2044	6016447	34.0	33.2
	"2016"	"2016"	"Massachusetts"	"25"	2227	6811779	32.7	33.0
	"2013"	"2013"	"West Virginia"	"54"	570	1854304	30.7	32.2
	"2012"	"2012"	"West Virginia"	"54"	558	1855413	30.1	32.0
	"2017"	"2017"	"Massachusetts"	"25"	2168	6859819	31.6	31.8
	"2017"	"2017"	"Rhode Island"	"44"	320	1059639	30.2	31.0
	"2017"	"2017"	"Connecticut"	"09"	1072	3588184	29.9	30.9
	"2016"	"2016"	"Rhode Island"	"44"	326	1056426	30.9	30.8
	"2016"	"2016"	"Delaware"	"10"	282	952065	29.6	30.8
	"2017"	"2017"	"New Jersey"	"34"	2685	9005644	29.8	30.0
	"2015"	"2015"	"Ohio"	"39"	3310	11613423	28.5	29.9
	"2015"	"2015"	"Kentucky"	"21"	1273	4425092	28.8	29.9
	"2017"	"2017"	"Indiana"	"18"	1852	6666818	27.8	29.4
	"2010"	"2010"	"West Virginia"	"54"	512	1852994	27.6	28.9
	"2016"	"2016"	"Maine"	"23"	353	1331479	26.5	28.7
	"2015"	"2015"	"Rhode Island"	"44"	310	1056298	29.3	28.2
	"2017"	"2017"	"Michigan"	"26"	2694	9962311	27.0	27.8
	"2016"	"2016"	"Connecticut"	"09"	971	3576452	27.1	27.4
	"2014"	"2014"	"New Mexico"	"35"	547	2085572	26.2	27.3
	"2008"	"2008"	"New Mexico"	"35"	518	2010662	25.8	26.7
	"2017"	"2017"	"Tennessee"	"47"	1776	6715984	26.4	26.6
	"2015"	"2015"	"Pennsylvania"	"42"	3264	12802503	25.5	26.3
	"2011"	"2011"	"New Mexico"	"35"	529	2082224	25.4	26.3
	"2014"	"2014"	"New Hampshire"	"33"	334	1326813	25.2	26.2
	"2008"	"2008"	"West Virginia"	"54"	459	1840310	24.9	25.7
	"2015"	"2015"	"Massachusetts"	"25"	1724	6794422	25.4	25.7
	"2015"	"2015"	"New Mexico"	"35"	501	2085109	24.0	25.3
	"2016"	"2016"	"New Mexico"	"35"	500	2081015	24.0	25.2
	"2017"	"2017"	"Florida"	"12"	5088	20984400	24.2	25.1
	"2011"	"2011"	"Kentucky"	"21"	1058	4369356	24.2	25.0
	"2012"	"2012"	"Kentucky"	"21"	1078	4380415	24.6	25.0
	"2017"	"2017"	"New Mexico"	"35"	493	2088070	23.6	24.8
	"2014"	"2014"	"Kentucky"	"21"	1077	4413457	24.4	24.7
	"2012"	"2012"	"New Mexico"	"35"	492	2085538	23.6	24.7
	"2014"	"2014"	"Ohio"	"39"	2744	11594163	23.7	24.6
	"2016"	"2016"	"Tennessee"	"47"	1630	6651194	24.5	24.5
	"2017"	"2017"	"Louisiana"	"22"	1108	4684333	23.7	24.5
	"2016"	"2016"	"Michigan"	"26"	2347	9928300	23.6	24.4
	"2017"	"2017"	"North Carolina"	"37"	2414	10273419	23.5	24.1
	"2016"	"2016"	"Indiana"	"18"	1526	6633053	23.0	24.0
	"2010"	"2010"	"New Mexico"	"35"	478	2059179	23.2	23.8
	"2016"	"2016"	"Florida"	"12"	4728	20612439	22.9	23.7
	"2013"	"2013"	"Kentucky"	"21"	1019	4395295	23.2	23.7
	"2016"	"2016"	"Missouri"	"29"	1371	6093000	22.5	23.6
	"2010"	"2010"	"Kentucky"	"21"	1007	4339367	23.2	23.6
	"2007"	"2007"	"New Mexico"	"35"	462	1990070	23.2	23.4
	"2015"	"2015"	"Utah"	"49"	646	2995919	21.6	23.4
	"2017"	"2017"	"Missouri"	"29"	1367	6113532	22.4	23.4
	"2014"	"2014"	"Rhode Island"	"44"	247	1055173	23.4	23.4
	"2016"	"2016"	"New Jersey"	"34"	2056	8944469	23.0	23.2
	"2017"	"2017"	"Vermont"	"50"	134	623657	21.5	23.2
	"2012"	"2012"	"Utah"	"49"	601	2855287	21.0	23.1
	"2011"	"2011"	"Nevada"	"32"	639	2723322	23.5	22.8
	"2013"	"2013"	"New Mexico"	"35"	458	2085287	22.0	22.6
	"2007"	"2007"	"West Virginia"	"54"	397	1834052	21.6	22.4
	"2014"	"2014"	"Utah"	"49"	603	2942902	20.5	22.4
	"2013"	"2013"	"Rhode Island"	"44"	241	1051511	22.9	22.4
	"2016"	"2016"	"Utah"	"49"	635	3051217	20.8	22.4
	"2017"	"2017"	"Utah"	"49"	650	3101833	21.0	22.3
	"2017"	"2017"	"Arizona"	"04"	1532	7016270	21.8	22.2
	"2016"	"2016"	"Vermont"	"50"	125	624594	20.0	22.2
	"2015"	"2015"	"Tennessee"	"47"	1457	6600299	22.1	22.2
	"2015"	"2015"	"Connecticut"	"09"	800	3590886	22.3	22.1
	"2013"	"2013"	"Utah"	"49"	594	2900872	20.5	22.1
	"2009"	"2009"	"New Mexico"	"35"	438	2036802	21.5	22.0
	"2015"	"2015"	"Delaware"	"10"	198	945934	20.9	22.0
	"2014"	"2014"	"Pennsylvania"	"42"	2732	12787209	21.4	21.9
	"2016"	"2016"	"Louisiana"	"22"	996	4681666	21.3	21.8
	"2006"	"2006"	"New Mexico"	"35"	418	1962137	21.3	21.8
"Total"	"2017"	"2017"			70237	325719178	21.6	21.7
	"2016"	"2016"	"Nevada"	"32"	665	2940058	22.6	21.7
	"2017"	"2017"	"Illinois"	"17"	2778	12802023	21.7	21.6
	"2017"	"2017"	"Nevada"	"32"	676	2998039	22.5	21.6
	"2016"	"2016"	"Oklahoma"	"40"	813	3923561	20.7	21.5
	"2007"	"2007"	"Utah"	"49"	511	2597746	19.7	21.3
	"2017"	"2017"	"Wisconsin"	"55"	1177	5795483	20.3	21.2
	"2015"	"2015"	"Maine"	"23"	269	1329328	20.2	21.2
	"2013"	"2013"	"Nevada"	"32"	614	2790136	22.0	21.1
	"2012"	"2012"	"Nevada"	"32"	602	2758931	21.8	21.0
	"2014"	"2014"	"Delaware"	"10"	189	935614	20.2	20.9
	"2015"	"2015"	"Maryland"	"24"	1285	6006401	21.4	20.9
	"2013"	"2013"	"Ohio"	"39"	2347	11570808	20.3	20.8
	"2010"	"2010"	"Nevada"	"32"	578	2700551	21.4	20.7
	"2013"	"2013"	"Oklahoma"	"40"	790	3850568	20.5	20.6
	"2009"	"2009"	"Oklahoma"	"40"	756	3717572	20.3	20.6
	"2012"	"2012"	"Oklahoma"	"40"	771	3814820	20.2	20.6
	"2017"	"2017"	"South Carolina"	"45"	1008	5024369	20.1	20.5
	"2015"	"2015"	"Nevada"	"32"	619	2890845	21.4	20.4
	"2015"	"2015"	"Michigan"	"26"	1980	9922576	20.0	20.4
	"2006"	"2006"	"West Virginia"	"54"	362	1827912	19.8	20.4
	"2014"	"2014"	"Oklahoma"	"40"	777	3878051	20.0	20.3
	"2016"	"2016"	"Arizona"	"04"	1382	6931071	19.9	20.3
	"2017"	"2017"	"Alaska"	"02"	147	739795	19.9	20.2
	"2005"	"2005"	"New Mexico"	"35"	373	1932274	19.3	20.1
	"2017"	"2017"	"Oklahoma"	"40"	775	3930864	19.7	20.1
	"2009"	"2009"	"Nevada"	"32"	550	2684665	20.5	20.1
"Total"	"2016"	"2016"			63632	323127513	19.7	19.8
	"2003"	"2003"	"New Mexico"	"35"	358	1877574	19.1	19.7
	"2016"	"2016"	"North Carolina"	"37"	1956	10146788	19.3	19.7
	"2014"	"2014"	"Tennessee"	"47"	1269	6549352	19.4	19.5
	"2015"	"2015"	"Indiana"	"18"	1245	6619680	18.8	19.5
	"2011"	"2011"	"Utah"	"49"	504	2817222	17.9	19.5
	"2017"	"2017"	"New York"	"36"	3921	19849399	19.8	19.4
	"2010"	"2010"	"Oklahoma"	"40"	717	3751351	19.1	19.4
	"2013"	"2013"	"Pennsylvania"	"42"	2426	12773801	19.0	19.4
	"2014"	"2014"	"Wyoming"	"56"	109	584153	18.7	19.4
	"2005"	"2005"	"Utah"	"49"	438	2457719	17.8	19.3
	"2016"	"2016"	"Wisconsin"	"55"	1074	5778708	18.6	19.3
	"2008"	"2008"	"Nevada"	"32"	519	2653630	19.6	19.2
	"2009"	"2009"	"Utah"	"49"	478	2723421	17.6	19.1
	"2006"	"2006"	"Utah"	"49"	444	2525507	17.6	19.1
	"2014"	"2014"	"Massachusetts"	"25"	1289	6745408	19.1	19.0
	"2015"	"2015"	"Louisiana"	"22"	861	4670724	18.4	19.0
	"2015"	"2015"	"Arizona"	"04"	1274	6828065	18.7	19.0
	"2015"	"2015"	"Oklahoma"	"40"	725	3911338	18.5	19.0
	"2008"	"2008"	"Utah"	"49"	468	2663029	17.6	19.0
	"2012"	"2012"	"Pennsylvania"	"42"	2365	12763536	18.5	19.0
	"2011"	"2011"	"Oklahoma"	"40"	703	3791508	18.5	18.9
	"2012"	"2012"	"Ohio"	"39"	2125	11544225	18.4	18.9
	"2016"	"2016"	"Illinois"	"17"	2411	12801539	18.8	18.9
	"2007"	"2007"	"Nevada"	"32"	499	2601072	19.2	18.9
	"2007"	"2007"	"Louisiana"	"22"	808	4375581	18.5	18.8
	"2007"	"2007"	"Oklahoma"	"40"	666	3634349	18.3	18.8
	"2004"	"2004"	"West Virginia"	"54"	333	1816438	18.3	18.8
	"2013"	"2013"	"Arizona"	"04"	1222	6626624	18.4	18.7
	"2013"	"2013"	"Delaware"	"10"	166	925749	17.9	18.7
	"2005"	"2005"	"Nevada"	"32"	457	2432143	18.8	18.7
	"2015"	"2015"	"District of Columbia"	"11"	125	672228	18.6	18.6
	"2014"	"2014"	"Nevada"	"32"	545	2839099	19.2	18.4
	"2011"	"2011"	"Pennsylvania"	"42"	2289	12742886	18.0	18.3
	"2012"	"2012"	"Rhode Island"	"44"	196	1050292	18.7	18.2
	"2014"	"2014"	"Missouri"	"29"	1067	6063589	17.6	18.2
	"2014"	"2014"	"Indiana"	"18"	1172	6596855	17.8	18.2
	"2014"	"2014"	"Arizona"	"04"	1211	6731484	18.0	18.2
	"2008"	"2008"	"Alaska"	"02"	127	687455	18.5	18.1
	"2003"	"2003"	"District of Columbia"	"11"	103	568502	18.1	18.1
	"2013"	"2013"	"Tennessee"	"47"	1187	6495978	18.3	18.1
	"2016"	"2016"	"South Carolina"	"45"	879	4961119	17.7	18.1
	"2016"	"2016"	"New York"	"36"	3638	19745289	18.4	18.0
	"2014"	"2014"	"Michigan"	"26"	1762	9909877	17.8	18.0
	"2017"	"2017"	"Alabama"	"01"	835	4874747	17.1	18.0
	"2006"	"2006"	"Nevada"	"32"	461	2522658	18.3	18.0
	"2009"	"2009"	"Kentucky"	"21"	769	4317074	17.8	18.0
	"2008"	"2008"	"Kentucky"	"21"	764	4289878	17.8	17.9
	"2015"	"2015"	"Missouri"	"29"	1066	6083672	17.5	17.9
	"2017"	"2017"	"Virginia"	"51"	1507	8470020	17.8	17.9
	"2009"	"2009"	"Alaska"	"02"	131	698895	18.7	17.9
	"2006"	"2006"	"District of Columbia"	"11"	101	570681	17.7	17.8
	"2013"	"2013"	"Louisiana"	"22"	809	4625470	17.5	17.8
	"2011"	"2011"	"Ohio"	"39"	2025	11544951	17.5	17.7
	"2012"	"2012"	"Arizona"	"04"	1134	6553255	17.3	17.7
	"2011"	"2011"	"Rhode Island"	"44"	190	1051302	18.1	17.7
	"2014"	"2014"	"Connecticut"	"09"	623	3596677	17.3	17.6
	"2011"	"2011"	"Delaware"	"10"	160	907135	17.6	17.6
	"2012"	"2012"	"Tennessee"	"47"	1131	6456243	17.5	17.6
	"2016"	"2016"	"Wyoming"	"56"	99	585501	16.9	17.6
	"2017"	"2017"	"Colorado"	"08"	1015	5607154	18.1	17.6
	"2010"	"2010"	"Arizona"	"04"	1098	6392017	17.2	17.5
	"2013"	"2013"	"Missouri"	"29"	1025	6044171	17.0	17.5
	"2012"	"2012"	"Alaska"	"02"	129	731449	17.6	17.4
	"2014"	"2014"	"Maryland"	"24"	1070	5976407	17.9	17.4
	"2006"	"2006"	"Kentucky"	"21"	728	4219239	17.3	17.4
	"2008"	"2008"	"Rhode Island"	"44"	185	1055003	17.5	17.3
	"2013"	"2013"	"Wyoming"	"56"	98	582658	16.8	17.2
	"2011"	"2011"	"Tennessee"	"47"	1090	6403353	17.0	17.2
	"2010"	"2010"	"Missouri"	"29"	998	5988927	16.7	17.0
	"2004"	"2004"	"New Mexico"	"35"	314	1903808	16.5	16.9
	"2010"	"2010"	"Tennessee"	"47"	1080	6346105	17.0	16.9
	"2010"	"2010"	"Utah"	"49"	433	2763885	15.7	16.9
	"2014"	"2014"	"Louisiana"	"22"	777	4649676	16.7	16.9
	"2011"	"2011"	"Arizona"	"04"	1071	6482505	16.5	16.9
	"2014"	"2014"	"Maine"	"23"	216	1330089	16.2	16.8
	"2016"	"2016"	"Alaska"	"02"	128	741894	17.3	16.8
	"2014"	"2014"	"Alaska"	"02"	124	736732	16.8	16.8
	"2012"	"2012"	"Wyoming"	"56"	98	576412	17.0	16.8
	"2016"	"2016"	"Virginia"	"51"	1405	8411808	16.7	16.7
	"2015"	"2015"	"Vermont"	"50"	99	626042	15.8	16.7
	"2007"	"2007"	"Kentucky"	"21"	708	4256672	16.6	16.7
	"2009"	"2009"	"Florida"	"12"	3092	18652644	16.6	16.7
	"2010"	"2010"	"Delaware"	"10"	145	897934	16.1	16.6
	"2013"	"2013"	"Indiana"	"18"	1064	6570902	16.2	16.6
	"2016"	"2016"	"Colorado"	"08"	942	5540545	17.0	16.6
	"2006"	"2006"	"Louisiana"	"22"	705	4302665	16.4	16.5
	"2015"	"2015"	"Wyoming"	"56"	96	586107	16.4	16.4
	"2011"	"2011"	"Missouri"	"29"	963	6010688	16.0	16.4
	"2006"	"2006"	"Rhode Island"	"44"	175	1063096	16.5	16.4
	"2010"	"2010"	"Florida"	"12"	3061	18801310	16.3	16.4
	"2015"	"2015"	"New Jersey"	"34"	1454	8958013	16.2	16.3
	"2004"	"2004"	"Utah"	"49"	358	2401580	14.9	16.3
	"2014"	"2014"	"Colorado"	"08"	899	5355866	16.8	16.3
"Total"	"2015"	"2015"			52404	321418820	16.3	16.3
	"2015"	"2015"	"Florida"	"12"	3228	20271272	15.9	16.2
	"2006"	"2006"	"Oklahoma"	"40"	563	3594090	15.7	16.2
	"2008"	"2008"	"Florida"	"12"	2963	18527305	16.0	16.2
	"2016"	"2016"	"Alabama"	"01"	756	4863300	15.5	16.2
	"2001"	"2001"	"District of Columbia"	"11"	93	574504	16.2	16.2
	"2012"	"2012"	"Missouri"	"29"	942	6021988	15.6	16.2
	"2009"	"2009"	"Arizona"	"04"	1002	6343154	15.8	16.1
	"2003"	"2003"	"Utah"	"49"	353	2360137	15.0	16.1
	"2011"	"2011"	"Colorado"	"08"	843	5116796	16.5	16.1
	"2002"	"2002"	"New Mexico"	"35"	287	1855309	15.5	16.1
	"2010"	"2010"	"Ohio"	"39"	1835	11536504	15.9	16.1
	"2004"	"2004"	"Nevada"	"32"	380	2346222	16.2	16.0
	"2013"	"2013"	"Massachusetts"	"25"	1081	6692824	16.2	16.0
	"2013"	"2013"	"Connecticut"	"09"	582	3596080	16.2	16.0
	"2006"	"2006"	"Tennessee"	"47"	975	6088766	16.0	16.0
	"2012"	"2012"	"Indiana"	"18"	1011	6537334	15.5	16.0
	"2015"	"2015"	"Alaska"	"02"	122	738432	16.5	16.0
	"2013"	"2013"	"Michigan"	"26"	1553	9895622	15.7	15.9
	"2007"	"2007"	"Tennessee"	"47"	985	6175727	15.9	15.8
	"2015"	"2015"	"North Carolina"	"37"	1567	10042802	15.6	15.8
	"2007"	"2007"	"Arizona"	"04"	943	6167681	15.3	15.7
	"2015"	"2015"	"Alabama"	"01"	736	4858979	15.1	15.7
	"2015"	"2015"	"South Carolina"	"45"	761	4896146	15.5	15.7
	"2008"	"2008"	"Oklahoma"	"40"	564	3668976	15.4	15.6
	"2013"	"2013"	"Colorado"	"08"	846	5268367	16.1	15.5
	"2010"	"2010"	"Rhode Island"	"44"	167	1052567	15.9	15.5
	"2004"	"2004"	"District of Columbia"	"11"	87	567754	15.3	15.5
	"2017"	"2017"	"Arkansas"	"05"	446	3004279	14.8	15.5
	"2015"	"2015"	"Wisconsin"	"55"	878	5771337	15.2	15.5
	"2007"	"2007"	"Florida"	"12"	2794	18367842	15.2	15.4
	"2011"	"2011"	"Florida"	"12"	2918	19057542	15.3	15.4
	"2015"	"2015"	"Colorado"	"08"	869	5456574	15.9	15.4
	"2009"	"2009"	"Delaware"	"10"	136	891730	15.3	15.4
	"2011"	"2011"	"New Hampshire"	"33"	210	1318194	15.9	15.3
	"2005"	"2005"	"Kentucky"	"21"	638	4182742	15.3	15.3
	"2010"	"2010"	"Pennsylvania"	"42"	1916	12702379	15.1	15.3
	"2011"	"2011"	"Indiana"	"18"	975	6516922	15.0	15.3
	"2009"	"2009"	"Pennsylvania"	"42"	1909	12666858	15.1	15.2
	"2016"	"2016"	"Idaho"	"16"	243	1683140	14.4	15.2
	"2011"	"2011"	"Wyoming"	"56"	85	568158	15.0	15.2
	"2012"	"2012"	"Delaware"	"10"	141	917092	15.4	15.2
	"2003"	"2003"	"Nevada"	"32"	342	2248850	15.2	15.2
	"2017"	"2017"	"Washington"	"53"	1169	7405743	15.8	15.2
	"2014"	"2014"	"Alabama"	"01"	723	4849377	14.9	15.2
	"2009"	"2009"	"Tennessee"	"47"	962	6306019	15.3	15.2
	"2008"	"2008"	"Ohio"	"39"	1733	11515391	15.0	15.1
	"2000"	"2000"	"New Mexico"	"35"	271	1819046	14.9	15.1
	"2003"	"2003"	"West Virginia"	"54"	262	1812295	14.5	15.1
	"2013"	"2013"	"New Hampshire"	"33"	203	1323459	15.3	15.1
	"2014"	"2014"	"Wisconsin"	"55"	853	5757564	14.8	15.1
	"2013"	"2013"	"Vermont"	"50"	93	626630	14.8	15.1
	"2013"	"2013"	"Wisconsin"	"55"	856	5742713	14.9	15.0
	"1999"	"1999"	"New Mexico"	"35"	266	1808082	14.7	15.0
	"2012"	"2012"	"Colorado"	"08"	807	5187582	15.6	15.0
	"2009"	"2009"	"Colorado"	"08"	769	4972195	15.5	15.0
	"2013"	"2013"	"District of Columbia"	"11"	102	646449	15.8	15.0
	"2010"	"2010"	"Wyoming"	"56"	85	563626	15.1	15.0
	"2006"	"2006"	"Arizona"	"04"	876	6029141	14.5	14.9
	"2008"	"2008"	"Pennsylvania"	"42"	1850	12612285	14.7	14.9
	"2008"	"2008"	"Louisiana"	"22"	647	4435586	14.6	14.9
	"2008"	"2008"	"Tennessee"	"47"	938	6247411	15.0	14.8
	"2009"	"2009"	"Rhode Island"	"44"	161	1053646	15.3	14.8
	"2008"	"2008"	"Colorado"	"08"	749	4889730	15.3	14.8
	"2008"	"2008"	"Washington"	"53"	1011	6562231	15.4	14.8
	"2002"	"2002"	"Nevada"	"32"	323	2173791	14.9	14.8
	"2015"	"2015"	"Washington"	"53"	1094	7170351	15.3	14.7
	"2005"	"2005"	"Louisiana"	"22"	661	4576628	14.4	14.7
	"2007"	"2007"	"Colorado"	"08"	734	4803868	15.3	14.7
	"2017"	"2017"	"Georgia"	"13"	1537	10429379	14.7	14.7
	"2006"	"2006"	"Massachusetts"	"25"	970	6410084	15.1	14.7
"Total"	"2014"	"2014"			47055	318857056	14.8	14.7
	"2009"	"2009"	"Missouri"	"29"	863	5961088	14.5	14.6
	"2009"	"2009"	"Montana"	"30"	142	983982	14.4	14.6
	"2010"	"2010"	"South Carolina"	"45"	678	4625364	14.7	14.6
	"2013"	"2013"	"Maryland"	"24"	892	5928814	15.0	14.6
	"2005"	"2005"	"Tennessee"	"47"	872	5991057	14.6	14.5
	"2016"	"2016"	"Washington"	"53"	1102	7288000	15.1	14.5
	"2013"	"2013"	"New Jersey"	"34"	1294	8899339	14.5	14.5
	"2009"	"2009"	"Michigan"	"26"	1429	9901591	14.4	14.5
	"2013"	"2013"	"Montana"	"30"	137	1015165	13.5	14.5
	"2014"	"2014"	"South Carolina"	"45"	701	4832482	14.5	14.4
	"2006"	"2006"	"Florida"	"12"	2591	18166990	14.3	14.4
	"2011"	"2011"	"Montana"	"30"	141	998199	14.1	14.4
	"2010"	"2010"	"Indiana"	"18"	927	6483802	14.3	14.4
	"2007"	"2007"	"Washington"	"53"	962	6461587	14.9	14.4
	"2017"	"2017"	"Idaho"	"16"	236	1716943	13.7	14.4
	"2001"	"2001"	"New Mexico"	"35"	258	1831690	14.1	14.4
	"2013"	"2013"	"Alaska"	"02"	105	735132	14.3	14.4
	"2009"	"2009"	"Washington"	"53"	987	6667426	14.8	14.3
	"2005"	"2005"	"Rhode Island"	"44"	156	1067916	14.6	14.3
	"2008"	"2008"	"Delaware"	"10"	124	883874	14.0	14.3
	"2011"	"2011"	"Michigan"	"26"	1386	9876187	14.0	14.3
	"2011"	"2011"	"Alaska"	"02"	107	722718	14.8	14.2
	"2014"	"2014"	"District of Columbia"	"11"	96	658893	14.6	14.2
	"2015"	"2015"	"Idaho"	"16"	218	1654930	13.2	14.2
	"2005"	"2005"	"Arizona"	"04"	794	5839077	13.6	14.1
	"2011"	"2011"	"Washington"	"53"	997	6830038	14.6	14.1
	"2015"	"2015"	"Illinois"	"17"	1835	12859995	14.3	14.1
	"2008"	"2008"	"Montana"	"30"	134	976415	13.7	14.1
	"2008"	"2008"	"Wyoming"	"56"	74	546043	13.6	14.0
	"2009"	"2009"	"Indiana"	"18"	896	6459325	13.9	14.0
	"2002"	"2002"	"Utah"	"49"	288	2324815	12.4	14.0
	"2014"	"2014"	"New Jersey"	"34"	1253	8938175	14.0	14.0
	"2007"	"2007"	"Massachusetts"	"25"	922	6431559	14.3	14.0
	"2016"	"2016"	"Arkansas"	"05"	401	2988248	13.4	14.0
	"2010"	"2010"	"Michigan"	"26"	1394	9883640	14.1	13.9
	"2014"	"2014"	"Vermont"	"50"	83	626562	13.2	13.9
	"2004"	"2004"	"Oklahoma"	"40"	476	3525233	13.5	13.9
	"2007"	"2007"	"Ohio"	"39"	1592	11500468	13.8	13.9
	"2007"	"2007"	"Pennsylvania"	"42"	1733	12563937	13.8	13.9
	"2015"	"2015"	"Arkansas"	"05"	392	2978204	13.2	13.8
	"2005"	"2005"	"Oklahoma"	"40"	478	3548597	13.5	13.8
	"2015"	"2015"	"Montana"	"30"	138	1032949	13.4	13.8
	"2007"	"2007"	"New Hampshire"	"33"	186	1312540	14.2	13.8
	"2014"	"2014"	"North Carolina"	"37"	1358	9943964	13.7	13.8
"Total"	"2013"	"2013"			43982	316128839	13.9	13.8
	"2017"	"2017"	"Hawaii"	"15"	203	1427538	14.2	13.8
	"2003"	"2003"	"Maryland"	"24"	779	5496269	14.2	13.8
	"2012"	"2012"	"New Jersey"	"34"	1222	8864590	13.8	13.7
	"2003"	"2003"	"Rhode Island"	"44"	146	1071342	13.6	13.7
	"2014"	"2014"	"Idaho"	"16"	212	1634464	13.0	13.7
	"2012"	"2012"	"Maryland"	"24"	831	5884563	14.1	13.7
	"2012"	"2012"	"Washington"	"53"	985	6897012	14.3	13.7
	"2000"	"2000"	"Nevada"	"32"	273	1998257	13.7	13.7
	"2004"	"2004"	"Arizona"	"04"	744	5652404	13.2	13.7
	"2005"	"2005"	"District of Columbia"	"11"	77	567136	13.6	13.7
	"2009"	"2009"	"Alabama"	"01"	630	4757938	13.2	13.6
	"2003"	"2003"	"Kentucky"	"21"	560	4117170	13.6	13.6
	"2015"	"2015"	"New York"	"36"	2754	19795791	13.9	13.6
	"2006"	"2006"	"Washington"	"53"	897	6370753	14.1	13.6
	"2011"	"2011"	"Oregon"	"41"	532	3871859	13.7	13.5
	"2005"	"2005"	"Florida"	"12"	2371	17842038	13.3	13.5
	"2008"	"2008"	"Arizona"	"04"	828	6280362	13.2	13.5
	"2012"	"2012"	"Michigan"	"26"	1308	9883360	13.2	13.5
	"2006"	"2006"	"Pennsylvania"	"42"	1638	12510809	13.1	13.5
	"2011"	"2011"	"District of Columbia"	"11"	86	617996	13.9	13.5
	"2011"	"2011"	"Louisiana"	"22"	601	4574836	13.1	13.5
	"2000"	"2000"	"District of Columbia"	"11"	76	572059	13.3	13.4
	"2013"	"2013"	"Washington"	"53"	969	6971406	13.9	13.4
	"2012"	"2012"	"New Hampshire"	"33"	173	1320718	13.1	13.4
	"2013"	"2013"	"Idaho"	"16"	207	1612136	12.8	13.4
	"2017"	"2017"	"Minnesota"	"27"	733	5576606	13.1	13.3
	"2016"	"2016"	"Georgia"	"13"	1394	10310371	13.5	13.3
	"2012"	"2012"	"North Carolina"	"37"	1298	9752073	13.3	13.3
	"2011"	"2011"	"South Carolina"	"45"	618	4679230	13.2	13.3
	"2014"	"2014"	"Washington"	"53"	979	7061530	13.9	13.3
	"2012"	"2012"	"Florida"	"12"	2597	19317568	13.4	13.3
	"2009"	"2009"	"South Carolina"	"45"	615	4589872	13.4	13.3
	"2004"	"2004"	"Florida"	"12"	2264	17415318	13.0	13.2
	"2013"	"2013"	"Maine"	"23"	174	1328302	13.1	13.2
	"2006"	"2006"	"Ohio"	"39"	1515	11481213	13.2	13.2
	"2007"	"2007"	"Maryland"	"24"	769	5653408	13.6	13.2
	"2008"	"2008"	"Indiana"	"18"	830	6424806	12.9	13.2
	"2014"	"2014"	"Florida"	"12"	2634	19893297	13.2	13.2
"Total"	"2011"	"2011"			41340	311591917	13.3	13.2
	"2005"	"2005"	"Pennsylvania"	"42"	1613	12449990	13.0	13.2
	"2010"	"2010"	"Louisiana"	"22"	591	4533372	13.0	13.2
	"2006"	"2006"	"Maryland"	"24"	762	5627367	13.5	13.2
	"2007"	"2007"	"Oregon"	"41"	502	3722417	13.5	13.2
	"2008"	"2008"	"Missouri"	"29"	765	5923916	12.9	13.1
"Total"	"2012"	"2012"			41502	313914040	13.2	13.1
	"2009"	"2009"	"Louisiana"	"22"	584	4491648	13.0	13.1
	"2014"	"2014"	"Illinois"	"17"	1705	12880580	13.2	13.1
	"2010"	"2010"	"Washington"	"53"	916	6724540	13.6	13.1
	"2012"	"2012"	"Arkansas"	"05"	373	2949131	12.6	13.1
	"2008"	"2008"	"Arkansas"	"05"	360	2874554	12.5	13.1
	"2011"	"2011"	"North Carolina"	"37"	1264	9656401	13.1	13.0
	"2005"	"2005"	"Washington"	"53"	850	6257305	13.6	13.0
	"2008"	"2008"	"Alabama"	"01"	607	4718206	12.9	13.0
	"2013"	"2013"	"South Carolina"	"45"	620	4774839	13.0	13.0
	"2006"	"2006"	"Missouri"	"29"	743	5842704	12.7	13.0
	"2010"	"2010"	"District of Columbia"	"11"	78	601723	13.0	12.9
	"2002"	"2002"	"West Virginia"	"54"	229	1805414	12.7	12.9
	"2010"	"2010"	"Oregon"	"41"	503	3831074	13.1	12.9
	"2009"	"2009"	"Oregon"	"41"	501	3808600	13.2	12.9
	"2013"	"2013"	"North Carolina"	"37"	1259	9848060	12.8	12.9
	"2011"	"2011"	"Vermont"	"50"	83	626431	13.2	12.9
	"2002"	"2002"	"Maryland"	"24"	723	5440389	13.3	12.9
	"2010"	"2010"	"Montana"	"30"	118	989415	11.9	12.9
	"2006"	"2006"	"Oregon"	"41"	485	3670883	13.2	12.9
	"2011"	"2011"	"Idaho"	"16"	193	1584985	12.2	12.9
	"2014"	"2014"	"Oregon"	"41"	522	3970239	13.1	12.8
	"2004"	"2004"	"Tennessee"	"47"	763	5910809	12.9	12.8
	"2006"	"2006"	"Colorado"	"08"	627	4720423	13.3	12.8
	"2008"	"2008"	"North Carolina"	"37"	1196	9309449	12.8	12.8
	"2004"	"2004"	"Kentucky"	"21"	526	4146101	12.7	12.8
	"2007"	"2007"	"Montana"	"30"	125	964706	13.0	12.8
	"2016"	"2016"	"Hawaii"	"15"	191	1428557	13.4	12.8
	"2004"	"2004"	"Washington"	"53"	811	6178645	13.1	12.7
	"2009"	"2009"	"Maine"	"23"	173	1329590	13.0	12.7
	"2003"	"2003"	"Arizona"	"04"	674	5510364	12.2	12.7
	"2012"	"2012"	"Massachusetts"	"25"	859	6646144	12.9	12.7
	"2004"	"2004"	"Pennsylvania"	"42"	1544	12410722	12.4	12.7
	"2011"	"2011"	"Massachusetts"	"25"	857	6587536	13.0	12.7
	"2003"	"2003"	"Alaska"	"02"	83	648414	12.8	12.7
	"2013"	"2013"	"Alabama"	"01"	598	4833722	12.4	12.7
	"2004"	"2004"	"Alaska"	"02"	86	659286	13.0	12.7
	"2006"	"2006"	"South Carolina"	"45"	554	4357847	12.7	12.7
	"2005"	"2005"	"Colorado"	"08"	608	4631888	13.1	12.7
	"2015"	"2015"	"Georgia"	"13"	1302	10214860	12.7	12.7
	"2010"	"2010"	"Colorado"	"08"	654	5029196	13.0	12.7
	"2011"	"2011"	"Arkansas"	"05"	355	2937979	12.1	12.6
	"2003"	"2003"	"Massachusetts"	"25"	823	6422565	12.8	12.6
	"2009"	"2009"	"North Carolina"	"37"	1191	9449566	12.6	12.6
	"2009"	"2009"	"Arkansas"	"05"	351	2896843	12.1	12.6
	"2012"	"2012"	"District of Columbia"	"11"	77	632323	12.2	12.6
	"2013"	"2013"	"Florida"	"12"	2474	19552860	12.7	12.6
	"2014"	"2014"	"Arkansas"	"05"	356	2966369	12.0	12.6
	"2012"	"2012"	"Illinois"	"17"	1628	12875255	12.6	12.5
	"2010"	"2010"	"Arkansas"	"05"	350	2915918	12.0	12.5
	"2008"	"2008"	"South Carolina"	"45"	565	4528996	12.5	12.5
	"2009"	"2009"	"New Hampshire"	"33"	168	1316102	12.8	12.5
	"2016"	"2016"	"Minnesota"	"27"	672	5519952	12.2	12.5
	"2012"	"2012"	"Oregon"	"41"	490	3899353	12.6	12.5
	"2009"	"2009"	"Maryland"	"24"	743	5730388	13.0	12.5
	"2012"	"2012"	"South Carolina"	"45"	587	4723723	12.4	12.5
	"2009"	"2009"	"West Virginia"	"54"	226	1847775	12.2	12.4
	"2005"	"2005"	"Maine"	"23"	163	1318787	12.4	12.4
	"2007"	"2007"	"Rhode Island"	"44"	135	1057315	12.8	12.4
	"2011"	"2011"	"Hawaii"	"15"	180	1374810	13.1	12.4
	"2008"	"2008"	"Michigan"	"26"	1239	9946889	12.5	12.4
	"2014"	"2014"	"Montana"	"30"	125	1023579	12.2	12.4
	"2007"	"2007"	"Indiana"	"18"	781	6379599	12.2	12.4
	"2017"	"2017"	"Oregon"	"41"	530	4142776	12.8	12.4
	"2007"	"2007"	"Maine"	"23"	159	1327040	12.0	12.4
	"2015"	"2015"	"Virginia"	"51"	1039	8382993	12.4	12.4
	"2003"	"2003"	"Florida"	"12"	2054	17004085	12.1	12.4
	"2015"	"2015"	"Mississippi"	"28"	351	2992333	11.7	12.3
	"2012"	"2012"	"Louisiana"	"22"	566	4601893	12.3	12.3
	"2008"	"2008"	"Maine"	"23"	162	1330509	12.2	12.3
"Total"	"2010"	"2010"			38329	308745538	12.4	12.3
	"2001"	"2001"	"Nevada"	"32"	261	2098399	12.4	12.3
	"2007"	"2007"	"Wyoming"	"56"	63	534876	11.8	12.3
	"2007"	"2007"	"Missouri"	"29"	714	5887612	12.1	12.3
	"2009"	"2009"	"Massachusetts"	"25"	816	6517613	12.5	12.2
	"2007"	"2007"	"Connecticut"	"09"	433	3527270	12.3	12.2
	"2012"	"2012"	"Wisconsin"	"55"	692	5726398	12.1	12.2
	"2006"	"2006"	"Vermont"	"50"	75	622892	12.0	12.2
	"2007"	"2007"	"Michigan"	"26"	1236	10001284	12.4	12.2
	"2017"	"2017"	"Wyoming"	"56"	69	579315	11.9	12.2
	"2002"	"2002"	"Alaska"	"02"	84	642337	13.1	12.2
	"2017"	"2017"	"Mississippi"	"28"	354	2984100	11.9	12.2
"Total"					702568	5761465567	12.2	12.2
	"2007"	"2007"	"South Carolina"	"45"	545	4444110	12.3	12.1
	"2003"	"2003"	"Louisiana"	"22"	536	4521042	11.9	12.1
	"2016"	"2016"	"Mississippi"	"28"	352	2988726	11.8	12.1
	"2004"	"2004"	"Louisiana"	"22"	539	4552238	11.8	12.1
	"2013"	"2013"	"Illinois"	"17"	1579	12882135	12.3	12.1
	"2006"	"2006"	"Mississippi"	"28"	339	2904978	11.7	12.1
	"2011"	"2011"	"Wisconsin"	"55"	698	5711767	12.2	12.1
	"2012"	"2012"	"Alabama"	"01"	562	4822023	11.7	12.1
	"2012"	"2012"	"Connecticut"	"09"	439	3590347	12.2	12.1
	"2015"	"2015"	"Oregon"	"41"	505	4028977	12.5	12.0
	"2006"	"2006"	"Maine"	"23"	159	1323619	12.0	12.0
	"2002"	"2002"	"Arizona"	"04"	624	5396255	11.6	12.0
	"2005"	"2005"	"Massachusetts"	"25"	780	6403290	12.2	12.0
	"2013"	"2013"	"Kansas"	"20"	331	2893957	11.4	12.0
"Total"	"2009"	"2009"			37004	306771529	12.1	11.9
	"2016"	"2016"	"Oregon"	"41"	506	4093465	12.4	11.9
	"2012"	"2012"	"Idaho"	"16"	181	1595728	11.3	11.9
	"2012"	"2012"	"Montana"	"30"	118	1005141	11.7	11.9
	"2008"	"2008"	"Massachusetts"	"25"	786	6468967	12.2	11.9
	"2014"	"2014"	"Georgia"	"13"	1206	10097343	11.9	11.9
"Total"	"2008"	"2008"			36450	304093966	12.0	11.9
"Total"	"2007"	"2007"			36010	301231207	12.0	11.9
	"2007"	"2007"	"North Carolina"	"37"	1084	9118037	11.9	11.9
	"2004"	"2004"	"Maryland"	"24"	676	5546935	12.2	11.9
	"2006"	"2006"	"North Carolina"	"37"	1059	8917270	11.9	11.8
	"2002"	"2002"	"Florida"	"12"	1927	16689370	11.5	11.8
	"2015"	"2015"	"Kansas"	"20"	329	2911641	11.3	11.8
	"2008"	"2008"	"Oregon"	"41"	452	3768748	12.0	11.8
	"2010"	"2010"	"New Hampshire"	"33"	160	1316470	12.2	11.8
	"2010"	"2010"	"Idaho"	"16"	178	1567582	11.4	11.8
	"2003"	"2003"	"Oklahoma"	"40"	400	3504892	11.4	11.8
	"2011"	"2011"	"Maine"	"23"	156	1328188	11.7	11.8
	"2010"	"2010"	"Alabama"	"01"	547	4779736	11.4	11.8
	"2006"	"2006"	"Indiana"	"18"	736	6332669	11.6	11.8
	"2011"	"2011"	"Alabama"	"01"	552	4802740	11.5	11.8
	"2017"	"2017"	"Kansas"	"20"	333	2913123	11.4	11.8
	"2008"	"2008"	"Maryland"	"24"	693	5684965	12.2	11.8
	"2011"	"2011"	"Maryland"	"24"	707	5828289	12.1	11.7
	"2014"	"2014"	"Kansas"	"20"	332	2904021	11.4	11.7
	"2006"	"2006"	"Michigan"	"26"	1176	10036081	11.7	11.7
	"2014"	"2014"	"Virginia"	"51"	980	8326289	11.8	11.7
	"2017"	"2017"	"Montana"	"30"	119	1050493	11.3	11.7
	"2016"	"2016"	"Montana"	"30"	119	1042520	11.4	11.7
	"2017"	"2017"	"California"	"06"	4868	39536653	12.3	11.7
	"2014"	"2014"	"Mississippi"	"28"	336	2994079	11.2	11.6
	"2010"	"2010"	"Alaska"	"02"	83	710231	11.7	11.6
	"2009"	"2009"	"Idaho"	"16"	171	1554439	11.0	11.6
	"1999"	"1999"	"Nevada"	"32"	227	1934718	11.7	11.5
	"2006"	"2006"	"Connecticut"	"09"	407	3517460	11.6	11.5
	"2017"	"2017"	"Iowa"	"19"	341	3145711	10.8	11.5
"Total"	"2006"	"2006"			34425	298379912	11.5	11.5
	"2001"	"2001"	"Maryland"	"24"	639	5374691	11.9	11.5
	"2012"	"2012"	"Kansas"	"20"	318	2885905	11.0	11.5
	"2012"	"2012"	"Maine"	"23"	150	1329192	11.3	11.5
	"2001"	"2001"	"West Virginia"	"54"	206	1801481	11.4	11.5
	"2005"	"2005"	"Maryland"	"24"	656	5592379	11.7	11.4
	"1999"	"1999"	"Maryland"	"24"	629	5254509	12.0	11.4
	"2005"	"2005"	"North Carolina"	"37"	1000	8705407	11.5	11.4
	"2007"	"2007"	"Delaware"	"10"	97	871749	11.1	11.4
	"2010"	"2010"	"North Carolina"	"37"	1093	9535483	11.5	11.4
	"2010"	"2010"	"Mississippi"	"28"	334	2967297	11.3	11.4
	"2005"	"2005"	"Alaska"	"02"	79	666946	11.8	11.4
	"2003"	"2003"	"Pennsylvania"	"42"	1381	12374658	11.2	11.4
	"2003"	"2003"	"Tennessee"	"47"	662	5847812	11.3	11.3
	"2015"	"2015"	"Hawaii"	"15"	169	1431603	11.8	11.3
	"2015"	"2015"	"California"	"06"	4659	39144818	11.9	11.3
	"2013"	"2013"	"Oregon"	"41"	455	3930065	11.6	11.3
	"2013"	"2013"	"New York"	"36"	2309	19651127	11.7	11.3
	"2011"	"2011"	"New Jersey"	"34"	1012	8821155	11.5	11.3
	"2014"	"2014"	"New York"	"36"	2300	19746227	11.6	11.3
	"2000"	"2000"	"Maryland"	"24"	623	5296486	11.8	11.3
	"2011"	"2011"	"Connecticut"	"09"	402	3580709	11.2	11.2
	"2006"	"2006"	"New Hampshire"	"33"	149	1308389	11.4	11.2
	"2016"	"2016"	"California"	"06"	4654	39250017	11.9	11.2
	"2009"	"2009"	"Mississippi"	"28"	323	2958774	10.9	11.2
	"2013"	"2013"	"California"	"06"	4452	38332521	11.6	11.1
	"2014"	"2014"	"California"	"06"	4521	38802500	11.7	11.1
	"2007"	"2007"	"Wisconsin"	"55"	622	5610775	11.1	11.1
	"2016"	"2016"	"Kansas"	"20"	313	2907289	10.8	11.1
	"2007"	"2007"	"Alabama"	"01"	511	4672840	10.9	11.1
	"2013"	"2013"	"Arkansas"	"05"	319	2959373	10.8	11.1
	"2003"	"2003"	"Washington"	"53"	696	6104115	11.4	11.1
	"2009"	"2009"	"Kansas"	"20"	304	2832704	10.7	11.1
	"2006"	"2006"	"Alaska"	"02"	76	675302	11.3	11.1
	"2010"	"2010"	"Massachusetts"	"25"	738	6547629	11.3	11.0
	"2013"	"2013"	"Hawaii"	"15"	158	1404054	11.3	11.0
	"2009"	"2009"	"Connecticut"	"09"	393	3561807	11.0	11.0
	"2012"	"2012"	"Hawaii"	"15"	155	1392313	11.1	11.0
	"2010"	"2010"	"Maryland"	"24"	650	5773552	11.3	11.0
	"2009"	"2009"	"Wyoming"	"56"	60	559851	10.7	11.0
	"2004"	"2004"	"Maine"	"23"	140	1313688	10.7	11.0
	"2007"	"2007"	"Mississippi"	"28"	314	2928350	10.7	11.0
	"2012"	"2012"	"Vermont"	"50"	70	626011	11.2	10.9
	"2008"	"2008"	"Vermont"	"50"	73	624151	11.7	10.9
	"2001"	"2001"	"Florida"	"12"	1746	16356966	10.7	10.9
	"2010"	"2010"	"Wisconsin"	"55"	630	5686986	11.1	10.9
	"2011"	"2011"	"Illinois"	"17"	1408	12869257	10.9	10.9
	"2004"	"2004"	"Colorado"	"08"	518	4575013	11.3	10.9
	"2002"	"2002"	"Maine"	"23"	139	1295960	10.7	10.9
	"2009"	"2009"	"Wisconsin"	"55"	631	5669264	11.1	10.9
	"2004"	"2004"	"Montana"	"30"	98	930009	10.5	10.9
	"2001"	"2001"	"Arizona"	"04"	552	5273477	10.5	10.9
	"2005"	"2005"	"Ohio"	"39"	1243	11463320	10.8	10.9
	"2007"	"2007"	"Arkansas"	"05"	301	2848650	10.6	10.9
	"2002"	"2002"	"District of Columbia"	"11"	61	573158	10.6	10.9
	"2009"	"2009"	"Ohio"	"39"	1236	11528896	10.7	10.9
	"2010"	"2010"	"Hawaii"	"15"	151	1360301	11.1	10.9
	"2006"	"2006"	"Illinois"	"17"	1369	12643955	10.8	10.9
	"2014"	"2014"	"Hawaii"	"15"	157	1419561	11.1	10.9
	"2007"	"2007"	"Vermont"	"50"	66	623481	10.6	10.8
	"2013"	"2013"	"Mississippi"	"28"	316	2991207	10.6	10.8
	"2013"	"2013"	"Georgia"	"13"	1098	9992167	11.0	10.8
	"2009"	"2009"	"Illinois"	"17"	1381	12796778	10.8	10.8
	"2007"	"2007"	"District of Columbia"	"11"	61	574404	10.6	10.8
	"2003"	"2003"	"Colorado"	"08"	502	4528732	11.1	10.7
	"2008"	"2008"	"Connecticut"	"09"	386	3545579	10.9	10.7
	"2009"	"2009"	"California"	"06"	4056	36961229	11.0	10.7
	"2011"	"2011"	"California"	"06"	4180	37691912	11.1	10.7
	"2002"	"2002"	"Massachusetts"	"25"	705	6417206	11.0	10.7
	"2010"	"2010"	"Georgia"	"13"	1054	9687653	10.9	10.7
	"2011"	"2011"	"Mississippi"	"28"	302	2978512	10.1	10.7
	"2005"	"2005"	"Missouri"	"29"	608	5790300	10.5	10.7
	"2011"	"2011"	"Georgia"	"13"	1058	9815210	10.8	10.7
	"2012"	"2012"	"Mississippi"	"28"	310	2984926	10.4	10.7
	"2005"	"2005"	"New Hampshire"	"33"	142	1298492	10.9	10.7
	"2015"	"2015"	"Minnesota"	"27"	581	5489594	10.6	10.6
	"2006"	"2006"	"Wisconsin"	"55"	593	5577655	10.6	10.6
	"2016"	"2016"	"Iowa"	"19"	314	3134693	10.0	10.6
	"2016"	"2016"	"North Dakota"	"38"	77	757952	10.2	10.6
	"2008"	"2008"	"Wisconsin"	"55"	606	5640996	10.7	10.6
	"1999"	"1999"	"Utah"	"49"	205	2203482	9.3	10.6
	"2008"	"2008"	"Illinois"	"17"	1353	12747038	10.6	10.6
	"2012"	"2012"	"Georgia"	"13"	1056	9919945	10.6	10.6
	"2000"	"2000"	"Arizona"	"04"	522	5130632	10.2	10.6
	"2006"	"2006"	"Wyoming"	"56"	55	522667	10.5	10.6
	"2010"	"2010"	"California"	"06"	4057	37253956	10.9	10.6
	"1999"	"1999"	"Arizona"	"04"	511	5023823	10.2	10.6
	"2003"	"2003"	"Montana"	"30"	93	919630	10.1	10.6
	"2017"	"2017"	"Texas"	"48"	2989	28304596	10.6	10.5
	"2008"	"2008"	"Mississippi"	"28"	303	2947806	10.3	10.5
	"2005"	"2005"	"West Virginia"	"54"	184	1820492	10.1	10.5
	"2001"	"2001"	"Massachusetts"	"25"	689	6397634	10.8	10.5
	"2007"	"2007"	"California"	"06"	3854	36250311	10.6	10.5
	"2006"	"2006"	"Arkansas"	"05"	285	2821761	10.1	10.5
	"2002"	"2002"	"Delaware"	"10"	84	806169	10.4	10.5
	"2002"	"2002"	"Kentucky"	"21"	426	4089875	10.4	10.5
	"2001"	"2001"	"Utah"	"49"	209	2283715	9.2	10.4
	"2010"	"2010"	"Maine"	"23"	135	1328361	10.2	10.4
	"2012"	"2012"	"New York"	"36"	2106	19570261	10.8	10.4
	"2002"	"2002"	"Washington"	"53"	643	6052349	10.6	10.4
	"2005"	"2005"	"Oregon"	"41"	386	3613202	10.7	10.4
	"2000"	"2000"	"Utah"	"49"	210	2233169	9.4	10.4
	"2008"	"2008"	"California"	"06"	3863	36604337	10.6	10.4
	"2009"	"2009"	"Georgia"	"13"	1007	9620846	10.5	10.3
	"2012"	"2012"	"California"	"06"	4040	38041430	10.6	10.3
	"2004"	"2004"	"Massachusetts"	"25"	669	6412281	10.4	10.3
	"2003"	"2003"	"Maine"	"23"	133	1306513	10.2	10.3
	"2015"	"2015"	"Iowa"	"19"	309	3123899	9.9	10.3
	"2002"	"2002"	"Connecticut"	"09"	354	3458749	10.2	10.3
	"2006"	"2006"	"Montana"	"30"	97	952692	10.2	10.2
	"2013"	"2013"	"Virginia"	"51"	854	8260405	10.3	10.2
	"2003"	"2003"	"Vermont"	"50"	65	617858	10.5	10.2
	"2001"	"2001"	"Rhode Island"	"44"	110	1057142	10.4	10.2
	"2016"	"2016"	"Texas"	"48"	2831	27862596	10.2	10.1
	"2011"	"2011"	"Texas"	"48"	2589	25674681	10.1	10.1
	"2005"	"2005"	"Montana"	"30"	96	940102	10.2	10.1
	"2011"	"2011"	"Kansas"	"20"	280	2871238	9.8	10.1
	"2007"	"2007"	"Alaska"	"02"	72	680300	10.6	10.1
	"2005"	"2005"	"Arkansas"	"05"	269	2781097	9.7	10.1
"Total"	"2005"	"2005"			29813	295516599	10.1	10.1
	"2010"	"2010"	"Connecticut"	"09"	363	3574097	10.2	10.1
	"2007"	"2007"	"Hawaii"	"15"	136	1315675	10.3	10.0
	"2004"	"2004"	"Oregon"	"41"	365	3569463	10.2	10.0
	"2010"	"2010"	"Illinois"	"17"	1288	12830632	10.0	10.0
	"2007"	"2007"	"Kansas"	"20"	270	2783785	9.7	10.0
	"2004"	"2004"	"Ohio"	"39"	1136	11452251	9.9	9.9
	"2005"	"2005"	"South Carolina"	"45"	427	4270150	10.0	9.9
	"2004"	"2004"	"North Carolina"	"37"	854	8553152	10.0	9.9
	"2005"	"2005"	"Indiana"	"18"	610	6278616	9.7	9.8
	"2004"	"2004"	"Rhode Island"	"44"	106	1074579	9.9	9.8
	"2009"	"2009"	"Texas"	"48"	2409	24801761	9.7	9.8
	"2008"	"2008"	"Idaho"	"16"	146	1534320	9.5	9.8
	"2003"	"2003"	"Oregon"	"41"	355	3547376	10.0	9.8
	"2005"	"2005"	"Michigan"	"26"	985	10051137	9.8	9.8
	"2010"	"2010"	"New Jersey"	"34"	868	8791894	9.9	9.8
	"2004"	"2004"	"Missouri"	"29"	548	5747741	9.5	9.8
	"2011"	"2011"	"Virginia"	"51"	798	8096604	9.9	9.7
	"2002"	"2002"	"Colorado"	"08"	448	4490406	10.0	9.7
	"2008"	"2008"	"Georgia"	"13"	935	9504843	9.8	9.7
	"2010"	"2010"	"Vermont"	"50"	63	625741	10.1	9.7
	"2007"	"2007"	"Georgia"	"13"	923	9349988	9.9	9.7
	"2014"	"2014"	"Texas"	"48"	2601	26956958	9.6	9.7
	"2011"	"2011"	"New York"	"36"	1948	19465197	10.0	9.7
	"2006"	"2006"	"New Jersey"	"34"	847	8661679	9.8	9.7
	"2008"	"2008"	"District of Columbia"	"11"	56	580236	9.7	9.6
	"2004"	"2004"	"Connecticut"	"09"	333	3496094	9.5	9.6
	"2009"	"2009"	"Hawaii"	"15"	136	1346717	10.1	9.6
	"2006"	"2006"	"California"	"06"	3494	36021202	9.7	9.6
	"2013"	"2013"	"Minnesota"	"27"	523	5420380	9.6	9.6
	"2014"	"2014"	"Minnesota"	"27"	517	5457173	9.5	9.6
	"2010"	"2010"	"Texas"	"48"	2399	25145561	9.5	9.6
	"2010"	"2010"	"Kansas"	"20"	269	2853118	9.4	9.6
	"2004"	"2004"	"New Hampshire"	"33"	124	1290121	9.6	9.6
	"2003"	"2003"	"New Hampshire"	"33"	127	1279840	9.9	9.5
	"2006"	"2006"	"Texas"	"48"	2191	23359580	9.4	9.5
	"2006"	"2006"	"Kansas"	"20"	257	2762931	9.3	9.5
	"2000"	"2000"	"Pennsylvania"	"42"	1147	12281054	9.3	9.5
	"2005"	"2005"	"Hawaii"	"15"	126	1292729	9.7	9.4
	"2003"	"2003"	"Delaware"	"10"	77	818003	9.4	9.4
	"2005"	"2005"	"New Jersey"	"34"	823	8651974	9.5	9.4
	"2012"	"2012"	"Texas"	"48"	2447	26059203	9.4	9.4
	"2015"	"2015"	"Texas"	"48"	2588	27469114	9.4	9.4
	"2001"	"2001"	"Alaska"	"02"	62	633714	9.8	9.4
	"2007"	"2007"	"Illinois"	"17"	1192	12695866	9.4	9.4
"Total"	"2004"	"2004"			27424	292805298	9.4	9.4
	"2008"	"2008"	"New Hampshire"	"33"	126	1315906	9.6	9.4
	"2006"	"2006"	"Delaware"	"10"	78	859268	9.1	9.4
	"2011"	"2011"	"Minnesota"	"27"	511	5344861	9.6	9.4
	"2002"	"2002"	"Rhode Island"	"44"	99	1065995	9.3	9.3
	"2006"	"2006"	"Idaho"	"16"	130	1468669	8.9	9.3
	"2005"	"2005"	"Wisconsin"	"55"	518	5546166	9.3	9.3
	"2002"	"2002"	"New Jersey"	"34"	813	8552643	9.5	9.3
	"1999"	"1999"	"Washington"	"53"	555	5842564	9.5	9.3
	"2003"	"2003"	"Missouri"	"29"	522	5709403	9.1	9.3
	"2013"	"2013"	"Iowa"	"19"	275	3090416	8.9	9.3
	"2007"	"2007"	"Texas"	"48"	2194	23831983	9.2	9.3
	"2013"	"2013"	"Texas"	"48"	2446	26448193	9.2	9.3
	"2017"	"2017"	"North Dakota"	"38"	68	755393	9.0	9.2
	"2000"	"2000"	"Connecticut"	"09"	320	3405565	9.4	9.2
	"2000"	"2000"	"Washington"	"53"	556	5894121	9.4	9.2
	"2002"	"2002"	"Idaho"	"16"	117	1340372	8.7	9.1
	"2002"	"2002"	"Pennsylvania"	"42"	1097	12331031	8.9	9.1
	"2004"	"2004"	"Wyoming"	"56"	46	509106	9.0	9.1
	"2005"	"2005"	"Kansas"	"20"	241	2745299	8.8	9.1
	"2003"	"2003"	"North Carolina"	"37"	762	8422501	9.0	9.0
	"2008"	"2008"	"Virginia"	"51"	718	7833496	9.2	9.0
	"2001"	"2001"	"Colorado"	"08"	411	4425687	9.3	9.0
	"1999"	"1999"	"Connecticut"	"09"	310	3386401	9.2	9.0
	"2005"	"2005"	"California"	"06"	3214	35827943	9.0	9.0
	"2008"	"2008"	"Hawaii"	"15"	123	1332213	9.2	9.0
	"2006"	"2006"	"Georgia"	"13"	830	9155813	9.1	8.9
	"2003"	"2003"	"California"	"06"	3108	35253159	8.8	8.9
	"2002"	"2002"	"Oregon"	"41"	318	3513424	9.1	8.9
	"2012"	"2012"	"Virginia"	"51"	733	8185867	9.0	8.9
	"2012"	"2012"	"Minnesota"	"27"	482	5379139	9.0	8.9
	"2007"	"2007"	"Virginia"	"51"	700	7751000	9.0	8.9
"Total"	"2003"	"2003"			25785	290107933	8.9	8.9
	"2004"	"2004"	"California"	"06"	3125	35574576	8.8	8.8
	"2005"	"2005"	"Mississippi"	"28"	248	2905943	8.5	8.8
	"2004"	"2004"	"Indiana"	"18"	542	6233007	8.7	8.8
	"2014"	"2014"	"Iowa"	"19"	264	3107126	8.5	8.8
	"2001"	"2001"	"Connecticut"	"09"	307	3432835	8.9	8.8
	"2003"	"2003"	"Connecticut"	"09"	307	3484336	8.8	8.8
	"2006"	"2006"	"Alabama"	"01"	398	4628981	8.6	8.7
	"2002"	"2002"	"California"	"06"	2975	34871843	8.5	8.7
	"2002"	"2002"	"New Hampshire"	"33"	111	1269089	8.7	8.7
	"2002"	"2002"	"Montana"	"30"	78	911667	8.6	8.7
	"2012"	"2012"	"Iowa"	"19"	259	3074186	8.4	8.7
	"2004"	"2004"	"Michigan"	"26"	867	10055315	8.6	8.7
	"2004"	"2004"	"Arkansas"	"05"	230	2749686	8.4	8.7
	"2007"	"2007"	"Idaho"	"16"	126	1505105	8.4	8.6
	"2007"	"2007"	"New York"	"36"	1708	19132335	8.9	8.6
	"2015"	"2015"	"North Dakota"	"38"	61	756927	8.1	8.6
	"2006"	"2006"	"New York"	"36"	1680	19104631	8.8	8.6
	"2010"	"2010"	"Iowa"	"19"	253	3046355	8.3	8.6
	"2008"	"2008"	"Texas"	"48"	2053	24309039	8.4	8.5
	"2009"	"2009"	"Virginia"	"51"	685	7925937	8.6	8.5
	"2008"	"2008"	"New York"	"36"	1691	19212436	8.8	8.5
	"2005"	"2005"	"Texas"	"48"	1910	22778123	8.4	8.5
	"2004"	"2004"	"Kansas"	"20"	224	2734373	8.2	8.5
	"2005"	"2005"	"Vermont"	"50"	53	621215	8.5	8.5
	"2002"	"2002"	"Tennessee"	"47"	491	5795918	8.5	8.5
	"2005"	"2005"	"Connecticut"	"09"	295	3506956	8.4	8.5
	"2017"	"2017"	"South Dakota"	"46"	73	869666	8.4	8.5
	"2004"	"2004"	"South Carolina"	"45"	356	4210921	8.5	8.4
	"2011"	"2011"	"Iowa"	"19"	250	3062309	8.2	8.4
	"2001"	"2001"	"Kentucky"	"21"	345	4068132	8.5	8.4
	"2005"	"2005"	"Illinois"	"17"	1067	12609903	8.5	8.4
	"2016"	"2016"	"South Dakota"	"46"	69	865454	8.0	8.4
	"2007"	"2007"	"New Jersey"	"34"	727	8677885	8.4	8.4
	"2015"	"2015"	"South Dakota"	"46"	65	858469	7.6	8.4
	"1999"	"1999"	"District of Columbia"	"11"	48	570213	8.4	8.3
	"2004"	"2004"	"Illinois"	"17"	1035	12589773	8.2	8.3
	"2009"	"2009"	"Vermont"	"50"	55	624817	8.8	8.3
	"2003"	"2003"	"New Jersey"	"34"	721	8601402	8.4	8.3
	"2002"	"2002"	"Louisiana"	"22"	365	4497267	8.1	8.3
	"2002"	"2002"	"Ohio"	"39"	931	11407889	8.2	8.2
"Total"	"2002"	"2002"			23518	287625193	8.2	8.2
	"2005"	"2005"	"Georgia"	"13"	738	8925922	8.3	8.2
	"2004"	"2004"	"Mississippi"	"28"	224	2889010	7.8	8.2
	"2004"	"2004"	"Texas"	"48"	1813	22394023	8.1	8.2
	"1999"	"1999"	"Pennsylvania"	"42"	990	12263805	8.1	8.1
	"2001"	"2001"	"New Jersey"	"34"	705	8492671	8.3	8.1
	"2001"	"2001"	"Washington"	"53"	499	5985722	8.3	8.1
	"2017"	"2017"	"Nebraska"	"31"	152	1920076	7.9	8.1
	"2003"	"2003"	"Texas"	"48"	1753	22030931	8.0	8.1
	"1999"	"1999"	"California"	"06"	2662	33499204	7.9	8.1
	"2005"	"2005"	"Idaho"	"16"	109	1428241	7.6	8.1
	"2006"	"2006"	"Virginia"	"51"	629	7673725	8.2	8.0
	"2001"	"2001"	"Delaware"	"10"	64	795699	8.0	8.0
	"2004"	"2004"	"Vermont"	"50"	50	619920	8.1	8.0
	"2008"	"2008"	"Kansas"	"20"	219	2808076	7.8	8.0
	"2009"	"2009"	"New York"	"36"	1592	19307066	8.2	8.0
	"1999"	"1999"	"Colorado"	"08"	349	4226018	8.3	8.0
	"2008"	"2008"	"New Jersey"	"34"	702	8711090	8.1	8.0
	"2001"	"2001"	"Oklahoma"	"40"	269	3467100	7.8	8.0
	"2004"	"2004"	"Hawaii"	"15"	103	1273569	8.1	8.0
	"2002"	"2002"	"Illinois"	"17"	986	12525556	7.9	7.9
	"2012"	"2012"	"Nebraska"	"31"	146	1855525	7.9	7.9
	"2003"	"2003"	"Idaho"	"16"	102	1363380	7.5	7.9
	"2001"	"2001"	"Pennsylvania"	"42"	958	12298970	7.8	7.9
	"2000"	"2000"	"Colorado"	"08"	352	4301261	8.2	7.9
	"2009"	"2009"	"Minnesota"	"27"	419	5281203	7.9	7.9
	"2004"	"2004"	"Wisconsin"	"55"	437	5514026	7.9	7.9
	"2001"	"2001"	"Idaho"	"16"	98	1319962	7.4	7.8
	"2010"	"2010"	"New York"	"36"	1557	19378102	8.0	7.8
	"2014"	"2014"	"South Dakota"	"46"	63	853175	7.4	7.8
	"2002"	"2002"	"North Carolina"	"37"	647	8326201	7.8	7.7
	"2004"	"2004"	"Delaware"	"10"	63	830803	7.6	7.6
	"2003"	"2003"	"Michigan"	"26"	761	10041152	7.6	7.6
	"2005"	"2005"	"Delaware"	"10"	62	845150	7.3	7.5
	"2000"	"2000"	"New Jersey"	"34"	643	8414350	7.6	7.5
	"2005"	"2005"	"Virginia"	"51"	581	7577105	7.7	7.5
	"2002"	"2002"	"Vermont"	"50"	47	615442	7.6	7.5
	"2002"	"2002"	"Texas"	"48"	1598	21690325	7.4	7.5
	"2003"	"2003"	"Mississippi"	"28"	207	2868312	7.2	7.5
	"2002"	"2002"	"Michigan"	"26"	751	10015710	7.5	7.5
	"2004"	"2004"	"Georgia"	"13"	666	8769252	7.6	7.5
	"1999"	"1999"	"Massachusetts"	"25"	488	6317345	7.7	7.5
	"2002"	"2002"	"Missouri"	"29"	416	5674825	7.3	7.5
	"1999"	"1999"	"Alaska"	"02"	46	624779	7.4	7.5
	"2000"	"2000"	"Florida"	"12"	1159	15982378	7.3	7.4
	"2004"	"2004"	"Idaho"	"16"	98	1391802	7.0	7.4
	"2008"	"2008"	"North Dakota"	"38"	46	657569	7.0	7.4
	"2010"	"2010"	"Minnesota"	"27"	397	5303925	7.5	7.3
	"2001"	"2001"	"Tennessee"	"47"	424	5750789	7.4	7.3
	"2004"	"2004"	"Virginia"	"51"	558	7475575	7.5	7.3
	"2008"	"2008"	"South Dakota"	"46"	54	799124	6.8	7.3
	"2003"	"2003"	"Virginia"	"51"	547	7366977	7.4	7.2
	"2008"	"2008"	"Minnesota"	"27"	384	5247018	7.3	7.2
	"2014"	"2014"	"Nebraska"	"31"	125	1881503	6.6	7.2
	"2008"	"2008"	"Iowa"	"19"	209	3016734	6.9	7.2
	"2001"	"2001"	"Illinois"	"17"	892	12488445	7.1	7.1
	"2009"	"2009"	"Iowa"	"19"	207	3032870	6.8	7.1
	"2011"	"2011"	"Nebraska"	"31"	129	1842641	7.0	7.1
	"2000"	"2000"	"Massachusetts"	"25"	463	6349097	7.3	7.1
	"2003"	"2003"	"Hawaii"	"15"	92	1251154	7.4	7.1
	"2000"	"2000"	"Alaska"	"02"	48	626932	7.7	7.1
	"2003"	"2003"	"Indiana"	"18"	434	6196638	7.0	7.1
	"2000"	"2000"	"Oklahoma"	"40"	237	3450654	6.9	7.1
	"2001"	"2001"	"Vermont"	"50"	44	612223	7.2	7.1
	"2011"	"2011"	"South Dakota"	"46"	57	824082	6.9	7.1
	"2003"	"2003"	"Kansas"	"20"	188	2723004	6.9	7.1
	"2002"	"2002"	"Oklahoma"	"40"	240	3489080	6.9	7.1
	"2003"	"2003"	"Arkansas"	"05"	184	2724816	6.8	7.0
	"2000"	"2000"	"Delaware"	"10"	55	783600	7.0	7.0
	"2000"	"2000"	"Illinois"	"17"	868	12419293	7.0	7.0
	"2000"	"2000"	"Rhode Island"	"44"	74	1048319	7.1	7.0
	"2003"	"2003"	"Wisconsin"	"55"	383	5479203	7.0	7.0
	"2003"	"2003"	"South Carolina"	"45"	287	4150297	6.9	7.0
	"2013"	"2013"	"South Dakota"	"46"	55	844877	6.5	6.9
	"2015"	"2015"	"Nebraska"	"31"	126	1896190	6.6	6.9
	"2003"	"2003"	"Georgia"	"13"	607	8622793	7.0	6.9
	"2000"	"2000"	"Tennessee"	"47"	397	5689283	7.0	6.9
	"2002"	"2002"	"Wyoming"	"56"	34	500017	6.8	6.9
	"2007"	"2007"	"Iowa"	"19"	203	2999212	6.8	6.9
	"2001"	"2001"	"Oregon"	"41"	241	3467937	6.9	6.9
	"2002"	"2002"	"Arkansas"	"05"	176	2705927	6.5	6.8
	"2010"	"2010"	"Virginia"	"51"	558	8001024	7.0	6.8
	"2002"	"2002"	"Virginia"	"51"	509	7286873	7.0	6.8
	"2003"	"2003"	"Ohio"	"39"	775	11434788	6.8	6.8
"Total"	"2001"	"2001"			19394	284968955	6.8	6.8
	"2004"	"2004"	"New Jersey"	"34"	590	8634561	6.8	6.8
	"2003"	"2003"	"Illinois"	"17"	847	12556006	6.7	6.8
	"1999"	"1999"	"Illinois"	"17"	825	12359020	6.7	6.7
	"2010"	"2010"	"Nebraska"	"31"	117	1826341	6.4	6.7
	"2009"	"2009"	"South Dakota"	"46"	49	807067	6.1	6.7
	"2001"	"2001"	"North Carolina"	"37"	551	8210122	6.7	6.6
	"2002"	"2002"	"Mississippi"	"28"	183	2858681	6.4	6.6
	"2001"	"2001"	"Texas"	"48"	1374	21319622	6.4	6.6
	"2006"	"2006"	"Iowa"	"19"	187	2982644	6.3	6.6
	"1999"	"1999"	"Hawaii"	"15"	80	1210300	6.6	6.5
	"2002"	"2002"	"Georgia"	"13"	563	8508256	6.6	6.5
	"1999"	"1999"	"New Jersey"	"34"	557	8359592	6.7	6.5
	"2001"	"2001"	"Maine"	"23"	85	1285692	6.6	6.5
	"2013"	"2013"	"Nebraska"	"31"	117	1868516	6.3	6.5
	"2001"	"2001"	"Ohio"	"39"	737	11387404	6.5	6.5
	"2000"	"2000"	"South Carolina"	"45"	258	4012012	6.4	6.5
	"2002"	"2002"	"Kansas"	"20"	170	2713535	6.3	6.4
	"2016"	"2016"	"Nebraska"	"31"	120	1907116	6.3	6.4
	"2006"	"2006"	"Hawaii"	"15"	86	1309731	6.6	6.4
	"1999"	"1999"	"Delaware"	"10"	50	774990	6.5	6.4
	"1999"	"1999"	"Florida"	"12"	997	15759421	6.3	6.4
	"2007"	"2007"	"Minnesota"	"27"	341	5207203	6.5	6.4
	"2004"	"2004"	"Alabama"	"01"	283	4530729	6.2	6.4
	"2005"	"2005"	"Alabama"	"01"	283	4569805	6.2	6.3
	"2014"	"2014"	"North Dakota"	"38"	43	739482	5.8	6.3
	"2010"	"2010"	"South Dakota"	"46"	45	814180	5.5	6.3
	"2001"	"2001"	"Missouri"	"29"	351	5641142	6.2	6.3
	"2001"	"2001"	"Montana"	"30"	56	906961	6.2	6.2
	"2000"	"2000"	"West Virginia"	"54"	113	1808344	6.2	6.2
	"2002"	"2002"	"Wisconsin"	"55"	340	5445162	6.2	6.2
	"2001"	"2001"	"Hawaii"	"15"	77	1225948	6.3	6.2
	"2001"	"2001"	"Michigan"	"26"	621	9991120	6.2	6.2
"Total"	"2000"	"2000"			17415	281421906	6.2	6.2
	"2001"	"2001"	"Virginia"	"51"	459	7198362	6.4	6.2
	"2001"	"2001"	"Mississippi"	"28"	169	2852994	5.9	6.2
	"1999"	"1999"	"Oregon"	"41"	210	3393941	6.2	6.1
	"2002"	"2002"	"Hawaii"	"15"	77	1239613	6.2	6.1
	"2001"	"2001"	"New Hampshire"	"33"	79	1255517	6.3	6.1
	"1999"	"1999"	"Tennessee"	"47"	344	5638706	6.1	6.1
"Total"	"1999"	"1999"			16849	279040168	6.0	6.1
	"2000"	"2000"	"Oregon"	"41"	208	3421399	6.1	6.0
	"2000"	"2000"	"North Carolina"	"37"	491	8049313	6.1	6.0
	"2001"	"2001"	"Georgia"	"13"	511	8377038	6.1	6.0
	"2001"	"2001"	"Louisiana"	"22"	265	4477875	5.9	6.0
	"2001"	"2001"	"South Carolina"	"45"	242	4064995	6.0	5.9
	"2006"	"2006"	"Minnesota"	"27"	311	5163555	6.0	5.9
	"2000"	"2000"	"Kentucky"	"21"	241	4041769	6.0	5.9
	"2009"	"2009"	"Nebraska"	"31"	106	1812683	5.8	5.9
	"2003"	"2003"	"Wyoming"	"56"	30	503453	6.0	5.9
	"2000"	"2000"	"California"	"06"	1941	33871648	5.7	5.8
	"2000"	"2000"	"Vermont"	"50"	36	608827	5.9	5.8
	"2004"	"2004"	"South Dakota"	"46"	43	770396	5.6	5.8
	"2000"	"2000"	"Louisiana"	"22"	248	4468976	5.5	5.6
	"2000"	"2000"	"Michigan"	"26"	561	9938444	5.6	5.6
	"2000"	"2000"	"Virginia"	"51"	411	7078515	5.8	5.6
	"2001"	"2001"	"New York"	"36"	1079	19082838	5.7	5.6
	"2005"	"2005"	"South Dakota"	"46"	40	775493	5.2	5.5
	"2012"	"2012"	"South Dakota"	"46"	42	833354	5.0	5.5
	"1999"	"1999"	"Rhode Island"	"44"	58	1040402	5.6	5.5
	"2000"	"2000"	"Missouri"	"29"	303	5595211	5.4	5.5
	"2008"	"2008"	"Nebraska"	"31"	94	1796378	5.2	5.5
	"2005"	"2005"	"Minnesota"	"27"	282	5119598	5.5	5.4
	"2000"	"2000"	"Arkansas"	"05"	140	2673400	5.2	5.4
	"2006"	"2006"	"Nebraska"	"31"	91	1772693	5.1	5.4
	"1999"	"1999"	"Texas"	"48"	1087	20558220	5.3	5.4
	"1999"	"1999"	"Oklahoma"	"40"	178	3437147	5.2	5.4
	"2002"	"2002"	"South Carolina"	"45"	217	4107795	5.3	5.3
	"1999"	"1999"	"Idaho"	"16"	64	1275674	5.0	5.3
	"1999"	"1999"	"Maine"	"23"	67	1266808	5.3	5.3
	"2001"	"2001"	"Kansas"	"20"	138	2702162	5.1	5.3
	"2000"	"2000"	"Hawaii"	"15"	63	1211537	5.2	5.1
	"2000"	"2000"	"Idaho"	"16"	64	1293953	4.9	5.1
	"2006"	"2006"	"South Dakota"	"46"	37	783033	4.7	5.1
	"1999"	"1999"	"Virginia"	"51"	366	7000174	5.2	5.0
	"1999"	"1999"	"New York"	"36"	959	18882725	5.1	5.0
	"2005"	"2005"	"Nebraska"	"31"	86	1761497	4.9	5.0
	"1999"	"1999"	"Missouri"	"29"	276	5561948	5.0	5.0
	"2000"	"2000"	"Ohio"	"39"	563	11353140	5.0	5.0
	"2000"	"2000"	"Texas"	"48"	1021	20851820	4.9	5.0
	"2001"	"2001"	"Wisconsin"	"55"	269	5406835	5.0	5.0
	"2003"	"2003"	"New York"	"36"	964	19175939	5.0	5.0
	"2005"	"2005"	"Wyoming"	"56"	26	514157	5.1	4.9
	"2001"	"2001"	"Alabama"	"01"	216	4467634	4.8	4.9
	"1999"	"1999"	"Kentucky"	"21"	197	4018053	4.9	4.9
	"2005"	"2005"	"Iowa"	"19"	141	2964454	4.8	4.8
	"2001"	"2001"	"Arkansas"	"05"	126	2691571	4.7	4.8
	"2004"	"2004"	"Minnesota"	"27"	250	5087713	4.9	4.8
	"2003"	"2003"	"Minnesota"	"27"	246	5053572	4.9	4.8
	"2002"	"2002"	"Indiana"	"18"	293	6155967	4.8	4.8
	"2005"	"2005"	"New York"	"36"	944	19132610	4.9	4.8
	"2002"	"2002"	"New York"	"36"	923	19137800	4.8	4.8
	"2000"	"2000"	"Maine"	"23"	61	1274923	4.8	4.8
	"2007"	"2007"	"Nebraska"	"31"	80	1783440	4.5	4.8
	"2007"	"2007"	"North Dakota"	"38"	32	652822	4.9	4.8
	"2002"	"2002"	"Alabama"	"01"	211	4480089	4.7	4.8
	"1999"	"1999"	"Vermont"	"50"	29	604683	4.8	4.7
	"2001"	"2001"	"Indiana"	"18"	283	6127760	4.6	4.7
	"1999"	"1999"	"Michigan"	"26"	460	9897116	4.6	4.6
	"2000"	"2000"	"Wyoming"	"56"	22	493782	4.5	4.6
	"2000"	"2000"	"Wisconsin"	"55"	248	5363675	4.6	4.6
	"1999"	"1999"	"North Carolina"	"37"	366	7949361	4.6	4.6
	"1999"	"1999"	"Montana"	"30"	41	897507	4.6	4.6
	"2000"	"2000"	"Montana"	"30"	41	902195	4.5	4.5
	"2001"	"2001"	"Wyoming"	"56"	22	494657	4.4	4.5
	"2000"	"2000"	"Alabama"	"01"	197	4447100	4.4	4.5
	"2003"	"2003"	"Alabama"	"01"	197	4503491	4.4	4.4
	"1999"	"1999"	"Arkansas"	"05"	113	2651860	4.3	4.4
	"2009"	"2009"	"North Dakota"	"38"	27	664968	4.1	4.4
	"2000"	"2000"	"Georgia"	"13"	364	8186453	4.4	4.4
	"1999"	"1999"	"Louisiana"	"22"	188	4460811	4.2	4.3
	"1999"	"1999"	"New Hampshire"	"33"	54	1222014	4.4	4.3
	"2004"	"2004"	"New York"	"36"	831	19171567	4.3	4.3
	"2004"	"2004"	"Iowa"	"19"	122	2953635	4.1	4.2
	"2000"	"2000"	"Mississippi"	"28"	114	2844658	4.0	4.2
	"1999"	"1999"	"Ohio"	"39"	467	11335454	4.1	4.2
	"1999"	"1999"	"West Virginia"	"54"	75	1811799	4.1	4.1
	"1999"	"1999"	"Wyoming"	"56"	20	491780	4.1	4.1
	"2009"	"2009"	"District of Columbia"	"11"	26	592228	4.4	4.1
	"2007"	"2007"	"South Dakota"	"46"	32	791623	4.0	4.1
	"2000"	"2000"	"New York"	"36"	767	18976457	4.0	4.0
	"1999"	"1999"	"Wisconsin"	"55"	212	5332666	4.0	4.0
	"2000"	"2000"	"Kansas"	"20"	103	2688418	3.8	4.0
	"2002"	"2002"	"Minnesota"	"27"	201	5018935	4.0	3.9
	"2001"	"2001"	"Nebraska"	"31"	66	1719836	3.8	3.9
	"2002"	"2002"	"Nebraska"	"31"	66	1728292	3.8	3.9
	"1999"	"1999"	"Alabama"	"01"	169	4430141	3.8	3.9
	"1999"	"1999"	"South Carolina"	"45"	147	3974682	3.7	3.7
	"2001"	"2001"	"Minnesota"	"27"	185	4982796	3.7	3.7
	"2001"	"2001"	"California"	"06"	1226	34479458	3.6	3.6
	"2004"	"2004"	"Nebraska"	"31"	59	1749370	3.4	3.6
	"2000"	"2000"	"Indiana"	"18"	214	6080485	3.5	3.5
	"2003"	"2003"	"North Dakota"	"38"	22	638817	3.4	3.5
	"1999"	"1999"	"Georgia"	"13"	283	8045965	3.5	3.5
	"2000"	"2000"	"New Hampshire"	"33"	45	1235786	3.6	3.4
	"2010"	"2010"	"North Dakota"	"38"	23	672591	3.4	3.4
	"1999"	"1999"	"Kansas"	"20"	89	2678338	3.3	3.4
	"2003"	"2003"	"Iowa"	"19"	96	2941999	3.3	3.4
	"2003"	"2003"	"South Dakota"	"46"	24	763729	3.1	3.3
	"2001"	"2001"	"South Dakota"	"46"	24	757972	3.2	3.2
	"2003"	"2003"	"Nebraska"	"31"	55	1738643	3.2	3.2
	"1999"	"1999"	"Mississippi"	"28"	87	2828408	3.1	3.2
	"1999"	"1999"	"Indiana"	"18"	191	6044969	3.2	3.2
	"2002"	"2002"	"Iowa"	"19"	91	2934234	3.1	3.1
	"2012"	"2012"	"North Dakota"	"38"	21	699628	3.0	3.1
	"2002"	"2002"	"South Dakota"	"46"	22	760020	2.9	3.1
	"2001"	"2001"	"Iowa"	"19"	87	2931997	3.0	3.0
	"2009"	"2009"	"New Jersey"	"34"	263	8755602	3.0	3.0
	"2013"	"2013"	"North Dakota"	"38"	20	723393	2.8	2.8
	"1999"	"1999"	"Minnesota"	"27"	136	4873481	2.8	2.8
	"2000"	"2000"	"South Dakota"	"46"	20	754844	2.6	2.8
	"2000"	"2000"	"Nebraska"	"31"	46	1711263	2.7	2.8
	"2000"	"2000"	"Minnesota"	"27"	130	4919479	2.6	2.6
	"2000"	"2000"	"Iowa"	"19"	73	2926324	2.5	2.5
	"1999"	"1999"	"Nebraska"	"31"	39	1704764	2.3	2.3
	"1999"	"1999"	"Iowa"	"19"	53	2917634	1.8	1.9
	"1999"	"1999"	"South Dakota"	"46"	17	750412	Unreliable	Unreliable
	"1999"	"1999"	"North Dakota"	"38"	12	644259	Unreliable	Unreliable
	"2000"	"2000"	"North Dakota"	"38"	14	642200	Unreliable	Unreliable
	"2001"	"2001"	"North Dakota"	"38"	14	639062	Unreliable	Unreliable
	"2002"	"2002"	"North Dakota"	"38"	17	638168	Unreliable	Unreliable
	"2004"	"2004"	"North Dakota"	"38"	17	644705	Unreliable	Unreliable
	"2005"	"2005"	"North Dakota"	"38"	12	646089	Unreliable	Unreliable
	"2006"	"2006"	"North Dakota"	"38"	14	649422	Unreliable	Unreliable
	"2011"	"2011"	"North Dakota"	"38"	16	683932	Unreliable	Unreliable
"---"
"Dataset: Multiple Cause of Death, 1999-2017"
"Query Parameters:"
"UCD - ICD-10 Codes: X40 (Accidental poisoning by and exposure to nonopioid analgesics, antipyretics and antirheumatics); X41"
"(Accidental poisoning by and exposure to antiepileptic, sedative-hypnotic, antiparkinsonism and psychotropic drugs, not"
"elsewhere classified); X42 (Accidental poisoning by and exposure to narcotics and psychodysleptics [hallucinogens], not"
"elsewhere classified); X43 (Accidental poisoning by and exposure to other drugs acting on the autonomic nervous system); X44"
"(Accidental poisoning by and exposure to other and unspecified drugs, medicaments and biological substances); X60 (Intentional"
"self-poisoning by and exposure to nonopioid analgesics, antipyretics and antirheumatics); X61 (Intentional self-poisoning by and"
"exposure to antiepileptic, sedative-hypnotic, antiparkinsonism and psychotropic drugs, not elsewhere classified); X62"
"(Intentional self-poisoning by and exposure to narcotics and psychodysleptics [hallucinogens], not elsewhere classified); X63"
"(Intentional self-poisoning by and exposure to other drugs acting on the autonomic nervous system); X64 (Intentional"
"self-poisoning by and exposure to other and unspecified drugs, medicaments and biological substances); X85 (Assault by drugs,"
"medicaments and biological substances); Y10 (Poisoning by and exposure to nonopioid analgesics, antipyretics and antirheumatics,"
"undetermined intent); Y11 (Poisoning by and exposure to antiepileptic, sedative-hypnotic, antiparkinsonism and psychotropic"
"drugs, not elsewhere classified, undetermined intent); Y12 (Poisoning by and exposure to narcotics and psychodysleptics"
"[hallucinogens], not elsewhere classified, undetermined intent); Y13 (Poisoning by and exposure to other drugs acting on the"
"autonomic nervous system, undetermined intent); Y14 (Poisoning by and exposure to other and unspecified drugs, medicaments and"
"biological substances, undetermined intent)"
"Group By: Year; State"
"Show Totals: True"
"Show Zero Values: False"
"Show Suppressed: False"
"Standard Population: 2000 U.S. Std. Population"
"Calculate Rates Per: 100,000"
"Rate Options: Default intercensal populations for years 2001-2009 (except Infant Age Groups)"
"---"
"Help: See http://wonder.cdc.gov/wonder/help/mcd.html for more information."
"---"
"Query Date: Oct 3, 2019 6:18:35 PM"
"---"
"Suggested Citation: Centers for Disease Control and Prevention, National Center for Health Statistics. Multiple Cause of Death"
"1999-2017 on CDC WONDER Online Database, released December, 2018. Data are from the Multiple Cause of Death Files, 1999-2017, as"
"compiled from data provided by the 57 vital statistics jurisdictions through the Vital Statistics Cooperative Program. Accessed"
"at http://wonder.cdc.gov/mcd-icd10.html on Oct 3, 2019 6:18:35 PM"
"---"
Caveats:
"1. As of April 3, 2017, the underlying cause of death has been revised for 125 deaths in 2014. More information:"
"http://wonder.cdc.gov/wonder/help/mcd.html#2014-Revision."
"2. Circumstances in Georgia for the years 2008 and 2009 have resulted in unusually high death counts for the ICD-10 cause of"
"death code R99, ""Other ill-defined and unspecified causes of mortality."" Caution should be used in interpreting these data."
"More information: http://wonder.cdc.gov/wonder/help/mcd.html#Georgia-Reporting-Anomalies."
"3. Circumstances in New Jersey for the year 2009 have resulted in unusually high death counts for the ICD-10 cause of death code"
"R99, ""Other ill-defined and unspecified causes of mortality"" and therefore unusually low death counts in other ICD-10 codes,"
"most notably R95, ""Sudden Infant Death Syndrome"" and X40-X49, ""Unintentional poisoning."" Caution should be used in"
"interpreting these data. More information: http://wonder.cdc.gov/wonder/help/mcd.html#New-Jersey-Reporting-Anomalies."
"4. Circumstances in California resulted in unusually high death counts for the ICD-10 cause of death code R99, ""Other"
"ill-defined and unspecified causes of mortality"" for deaths occurring in years 2000 and 2001. Caution should be used in"
"interpreting these data. More information: http://wonder.cdc.gov/wonder/help/mcd.html#California-Reporting-Anomalies."
"5. Death rates are flagged as Unreliable when the rate is calculated with a numerator of 20 or less. More information:"
"http://wonder.cdc.gov/wonder/help/mcd.html#Unreliable."
"6. The populations used to calculate standard age-adjusted rates are documented here: More information:"
"http://wonder.cdc.gov/wonder/help/mcd.html#2000 Standard Population."
"7. The method used to calculate age-adjusted rates is documented here: More information:"
"http://wonder.cdc.gov/wonder/help/mcd.html#Age-Adjusted Rates."
"8. Deaths for persons of unknown age are included in counts and crude rates, but are not included in age-adjusted rates."
"9. The population figures for year 2017 are bridged-race estimates of the July 1 resident population, from the Vintage 2017"
"postcensal series released by NCHS on June 27, 2018. The population figures for year 2016 are bridged-race estimates of the July"
"1 resident population, from the Vintage 2016 postcensal series released by NCHS on June 26, 2017. The population figures for"
"year 2015 are bridged-race estimates of the July 1 resident population, from the Vintage 2015 postcensal series released by NCHS"
"on June 28, 2016. The population figures for year 2014 are bridged-race estimates of the July 1 resident population, from the"
"Vintage 2014 postcensal series released by NCHS on June 30, 2015. The population figures for year 2013 are bridged-race"
"estimates of the July 1 resident population, from the Vintage 2013 postcensal series released by NCHS on June 26, 2014. The"
"population figures for year 2012 are bridged-race estimates of the July 1 resident population, from the Vintage 2012 postcensal"
"series released by NCHS on June 13, 2013. Population figures for 2011 are bridged-race estimates of the July 1 resident"
"population, from the county-level postcensal Vintage 2011 series released by NCHS on July 18, 2012. Population figures for 2010"
"are April 1 Census counts. The population figures for years 2001 - 2009, are bridged-race estimates of the July 1 resident"
"population, from the revised intercensal county-level 2000 - 2009 series released by NCHS on October 26, 2012. Population"
"figures for 2000 are April 1 Census counts. Population figures for 1999 are from the 1990-1999 intercensal series of July 1"
"estimates. Population figures for Infant Age Groups are the number of live births. <br/><b>Note:</b> Rates and population"
"figures for years 2001 - 2009 differ slightly from previously published reports, due to use of the population estimates which"
"were available at the time of release."
"10. The population figures used in the calculation of death rates for the age group 'under 1 year' are the estimates of the"
"resident population that is under one year of age. More information: http://wonder.cdc.gov/wonder/help/mcd.html#Age Group."
"11. Changes to cause of death classification affect reporting trends. More information:"
"http://wonder.cdc.gov/wonder/help/mcd.html#ICD-10 Changes."